{
  "flashcards": [
    {
      "id": "8990a247-5800-4a09-9713-c33932a13168",
      "title": "Componente React",
      "description": "Representa código reutilizável pelo React. Em regra, deve começar com letra maiúscula. Pode ser customizável através de props"
    },
    {
      "id": "91c7fd3d-1026-4e26-91d7-5dc85c2abfe6",
      "title": "Efeitos colaterais",
      "description": "Também conhecido como 'side effects'. Representa tudo o que o React não controla diretamente. Bons exemplos são a manipulação manual do DOM e requisições HTTP."
    },
    {
      "id": "9537cef6-e8b4-442d-bc97-d233e3654f1b",
      "title": "Estado",
      "description": "Também conhecido como 'state'. Pode ser representando por 'dados que mudam com o tempo' e que também podem ser manipulados pelos usuários, geralmente através de formulários, e também por API's, outros componentes, etc."
    },
    {
      "id": "76399d55-7361-4788-870f-8e51a1571112",
      "title": "Function Components",
      "description": "Componentes baseados em função. São amplamente utilizados atualmente em detrimento às Class Components, que aos poucos podem se tornar obsoletas."
    },
    {
      "id": "16082e10-6794-4705-9e0e-c6088628e1c7",
      "title": "Hooks",
      "description": "Estruturas que são acopladas às funções para aumentar o poder de componentes React. Podem permitir a utilização de estado e gerenciamento de efeitos colaterais, por exemplo."
    },
    {
      "id": "03482b5f-5d92-4a08-9c33-f2178f670b9f",
      "title": "JSX",
      "description": "JavaScript and XML. Linguagem de marcação que pode ser utilizada para a criação de componentes React de forma mais declarativa. É bem semelhante ao HTML."
    },
    {
      "id": "0074b1f2-ef88-4901-b95f-cd0f2b56c43b",
      "title": "React",
      "description": "Biblioteca criada pelo Facebook para renderização otimizada. Pode ser utilizada em diversas plataformas como web, mobile e Realidade Virtual."
    },
    {
      "id": "9ad67d01-4677-4142-bf7e-65663731e19c",
      "title": "useEffect",
      "description": "Hook nativo do React para lidar com efeitos colaterais."
    },
    {
      "id": "d724a916-985b-48bb-a1e5-8ea659fe555e",
      "title": "useState",
      "description": "Hook nativo do React que permite o gerenciamento de estado da aplicação e de componentes."
    },
    {
      "id": "749eef3a-cff1-4214-a41e-7e0401c4fb1c",
      "title": "Virtual DOM",
      "description": "Estrutura utilizada pelo React para manipulação do DOM em memória. Permite a atualização do DOM real somente onde necessário, o que pode garantir uma melhor performance da aplicação."
    }
  ]
}