[
  {
    "id": "04b20229-3f4c-48ec-9c39-3476ef5d284e",
    "name": "Afghanistan",
    "capital": "Kabul",
    "region": "Asia",
    "population": 27657145,
    "area": 652230,
    "flag": "https://restcountries.eu/data/afg.svg"
  },
  {
    "id": "e06f335e-3b54-4b32-baf6-85b61f5d90a3",
    "name": "Åland Islands",
    "capital": "Mariehamn",
    "region": "Europe",
    "population": 28875,
    "area": 1580,
    "flag": "https://restcountries.eu/data/ala.svg"
  },
  {
    "id": "73b146f8-8db7-4c77-9144-174617ef9d9c",
    "name": "Albania",
    "capital": "Tirana",
    "region": "Europe",
    "population": 2886026,
    "area": 28748,
    "flag": "https://restcountries.eu/data/alb.svg"
  },
  {
    "id": "add147c5-4be7-4fc9-9e19-94eb5aa0c047",
    "name": "Algeria",
    "capital": "Algiers",
    "region": "Africa",
    "population": 40400000,
    "area": 2381741,
    "flag": "https://restcountries.eu/data/dza.svg"
  },
  {
    "id": "ca4111a3-73f9-4411-aca7-f5674a2e81d0",
    "name": "American Samoa",
    "capital": "Pago Pago",
    "region": "Oceania",
    "population": 57100,
    "area": 199,
    "flag": "https://restcountries.eu/data/asm.svg"
  },
  {
    "id": "68cf8c05-cf0d-4327-98ac-5905f1296b80",
    "name": "Andorra",
    "capital": "Andorra la Vella",
    "region": "Europe",
    "population": 78014,
    "area": 468,
    "flag": "https://restcountries.eu/data/and.svg"
  },
  {
    "id": "f6cf2fbb-18b7-48a5-aa37-822d7dd22e1d",
    "name": "Angola",
    "capital": "Luanda",
    "region": "Africa",
    "population": 25868000,
    "area": 1246700,
    "flag": "https://restcountries.eu/data/ago.svg"
  },
  {
    "id": "c81ea567-e845-4fc8-8876-aef955eb83d8",
    "name": "Anguilla",
    "capital": "The Valley",
    "region": "Americas",
    "population": 13452,
    "area": 91,
    "flag": "https://restcountries.eu/data/aia.svg"
  },
  {
    "id": "95e87f63-2767-4321-ad4c-3d238f276075",
    "name": "Antarctica",
    "capital": "",
    "region": "Polar",
    "population": 1000,
    "area": 14000000,
    "flag": "https://restcountries.eu/data/ata.svg"
  },
  {
    "id": "e98f607b-3e59-4e32-b5f6-0ddb9cec002d",
    "name": "Antigua and Barbuda",
    "capital": "Saint John's",
    "region": "Americas",
    "population": 86295,
    "area": 442,
    "flag": "https://restcountries.eu/data/atg.svg"
  },
  {
    "id": "7ea67a19-2df1-4511-b89f-02dbdc33bccd",
    "name": "Argentina",
    "capital": "Buenos Aires",
    "region": "Americas",
    "population": 43590400,
    "area": 2780400,
    "flag": "https://restcountries.eu/data/arg.svg"
  },
  {
    "id": "af79809c-5bfc-4400-abd1-17c8057db4c8",
    "name": "Armenia",
    "capital": "Yerevan",
    "region": "Asia",
    "population": 2994400,
    "area": 29743,
    "flag": "https://restcountries.eu/data/arm.svg"
  },
  {
    "id": "33311c83-a2bf-4a76-a0ad-328c4dd5f992",
    "name": "Aruba",
    "capital": "Oranjestad",
    "region": "Americas",
    "population": 107394,
    "area": 180,
    "flag": "https://restcountries.eu/data/abw.svg"
  },
  {
    "id": "58c9462d-d79e-49a9-95b7-2e442b9b5760",
    "name": "Australia",
    "capital": "Canberra",
    "region": "Oceania",
    "population": 24117360,
    "area": 7692024,
    "flag": "https://restcountries.eu/data/aus.svg"
  },
  {
    "id": "d06e4a1e-5925-4ca2-8ebd-6bba0cf2ec64",
    "name": "Austria",
    "capital": "Vienna",
    "region": "Europe",
    "population": 8725931,
    "area": 83871,
    "flag": "https://restcountries.eu/data/aut.svg"
  },
  {
    "id": "bcf5bfc9-ab82-442f-b32e-edd9d52aef0b",
    "name": "Azerbaijan",
    "capital": "Baku",
    "region": "Asia",
    "population": 9730500,
    "area": 86600,
    "flag": "https://restcountries.eu/data/aze.svg"
  },
  {
    "id": "872995af-f01d-4d58-84f3-27cc47b7656b",
    "name": "Bahamas",
    "capital": "Nassau",
    "region": "Americas",
    "population": 378040,
    "area": 13943,
    "flag": "https://restcountries.eu/data/bhs.svg"
  },
  {
    "id": "3c37bbc6-5799-45a2-932d-f71ac08f0bad",
    "name": "Bahrain",
    "capital": "Manama",
    "region": "Asia",
    "population": 1404900,
    "area": 765,
    "flag": "https://restcountries.eu/data/bhr.svg"
  },
  {
    "id": "13bed9d7-63b5-4ece-a17f-436160ad84de",
    "name": "Bangladesh",
    "capital": "Dhaka",
    "region": "Asia",
    "population": 161006790,
    "area": 147570,
    "flag": "https://restcountries.eu/data/bgd.svg"
  },
  {
    "id": "d8851597-da6e-4b77-936f-bc57d8e4a48e",
    "name": "Barbados",
    "capital": "Bridgetown",
    "region": "Americas",
    "population": 285000,
    "area": 430,
    "flag": "https://restcountries.eu/data/brb.svg"
  },
  {
    "id": "02bb0d28-a6b5-4770-972d-3c765c17dd2e",
    "name": "Belarus",
    "capital": "Minsk",
    "region": "Europe",
    "population": 9498700,
    "area": 207600,
    "flag": "https://restcountries.eu/data/blr.svg"
  },
  {
    "id": "c9773138-9781-4622-814f-87c0422f172f",
    "name": "Belgium",
    "capital": "Brussels",
    "region": "Europe",
    "population": 11319511,
    "area": 30528,
    "flag": "https://restcountries.eu/data/bel.svg"
  },
  {
    "id": "0b300416-41ea-4e2e-ab82-0486fe6dd197",
    "name": "Belize",
    "capital": "Belmopan",
    "region": "Americas",
    "population": 370300,
    "area": 22966,
    "flag": "https://restcountries.eu/data/blz.svg"
  },
  {
    "id": "06db9dd6-5746-4c09-a6a6-ee015d4ed8fa",
    "name": "Benin",
    "capital": "Porto-Novo",
    "region": "Africa",
    "population": 10653654,
    "area": 112622,
    "flag": "https://restcountries.eu/data/ben.svg"
  },
  {
    "id": "172c2c9c-8604-4b32-bb59-599e425f772a",
    "name": "Bermuda",
    "capital": "Hamilton",
    "region": "Americas",
    "population": 61954,
    "area": 54,
    "flag": "https://restcountries.eu/data/bmu.svg"
  },
  {
    "id": "33081944-cfba-40f6-bf54-a0ac535414b6",
    "name": "Bhutan",
    "capital": "Thimphu",
    "region": "Asia",
    "population": 775620,
    "area": 38394,
    "flag": "https://restcountries.eu/data/btn.svg"
  },
  {
    "id": "27e3de57-f54e-48d0-9ea1-2498fb5979a2",
    "name": "Bolivia (Plurinational State of)",
    "capital": "Sucre",
    "region": "Americas",
    "population": 10985059,
    "area": 1098581,
    "flag": "https://restcountries.eu/data/bol.svg"
  },
  {
    "id": "23a76535-779d-48e4-916e-4087e006c46b",
    "name": "Bonaire, Sint Eustatius and Saba",
    "capital": "Kralendijk",
    "region": "Americas",
    "population": 17408,
    "area": 294,
    "flag": "https://restcountries.eu/data/bes.svg"
  },
  {
    "id": "01dea4fe-0bab-4c96-82c9-cfa94da8a0cf",
    "name": "Bosnia and Herzegovina",
    "capital": "Sarajevo",
    "region": "Europe",
    "population": 3531159,
    "area": 51209,
    "flag": "https://restcountries.eu/data/bih.svg"
  },
  {
    "id": "ba45a2ae-3f0d-4c59-8a3c-ef810ae8493b",
    "name": "Botswana",
    "capital": "Gaborone",
    "region": "Africa",
    "population": 2141206,
    "area": 582000,
    "flag": "https://restcountries.eu/data/bwa.svg"
  },
  {
    "id": "7eff1d1e-d010-4400-a1ba-45c3dd24750e",
    "name": "Bouvet Island",
    "capital": "",
    "region": "",
    "population": 0,
    "area": 49,
    "flag": "https://restcountries.eu/data/bvt.svg"
  },
  {
    "id": "99963ba0-46a7-4344-93ff-a039ba3d735f",
    "name": "Brazil",
    "capital": "Brasília",
    "region": "Americas",
    "population": 206135893,
    "area": 8515767,
    "flag": "https://restcountries.eu/data/bra.svg"
  },
  {
    "id": "f799fcaf-13d4-4f3f-bac3-7e21c0904f8b",
    "name": "British Indian Ocean Territory",
    "capital": "Diego Garcia",
    "region": "Africa",
    "population": 3000,
    "area": 60,
    "flag": "https://restcountries.eu/data/iot.svg"
  },
  {
    "id": "fea69bb0-a809-4b48-aa6b-9510f245d51a",
    "name": "United States Minor Outlying Islands",
    "capital": "",
    "region": "Americas",
    "population": 300,
    "area": null,
    "flag": "https://restcountries.eu/data/umi.svg"
  },
  {
    "id": "67c4bbcc-aea4-4f4f-8e47-3203de3e1c9a",
    "name": "Virgin Islands (British)",
    "capital": "Road Town",
    "region": "Americas",
    "population": 28514,
    "area": 151,
    "flag": "https://restcountries.eu/data/vgb.svg"
  },
  {
    "id": "912310bc-6914-44cd-b7ca-567bf15030e5",
    "name": "Virgin Islands (U.S.)",
    "capital": "Charlotte Amalie",
    "region": "Americas",
    "population": 114743,
    "area": 346.36,
    "flag": "https://restcountries.eu/data/vir.svg"
  },
  {
    "id": "9f1e5339-6228-41b7-8d1c-12693261f368",
    "name": "Brunei Darussalam",
    "capital": "Bandar Seri Begawan",
    "region": "Asia",
    "population": 411900,
    "area": 5765,
    "flag": "https://restcountries.eu/data/brn.svg"
  },
  {
    "id": "00c7dd7e-ee56-4d2e-adf1-d58e039e983d",
    "name": "Bulgaria",
    "capital": "Sofia",
    "region": "Europe",
    "population": 7153784,
    "area": 110879,
    "flag": "https://restcountries.eu/data/bgr.svg"
  },
  {
    "id": "42370c0a-c3fd-4218-8797-776c21e1ee50",
    "name": "Burkina Faso",
    "capital": "Ouagadougou",
    "region": "Africa",
    "population": 19034397,
    "area": 272967,
    "flag": "https://restcountries.eu/data/bfa.svg"
  },
  {
    "id": "31e53c14-6104-42a3-9dc9-39e563fbdfb1",
    "name": "Burundi",
    "capital": "Bujumbura",
    "region": "Africa",
    "population": 10114505,
    "area": 27834,
    "flag": "https://restcountries.eu/data/bdi.svg"
  },
  {
    "id": "5592aa68-3d86-40f8-b6ee-3c9877470d55",
    "name": "Cambodia",
    "capital": "Phnom Penh",
    "region": "Asia",
    "population": 15626444,
    "area": 181035,
    "flag": "https://restcountries.eu/data/khm.svg"
  },
  {
    "id": "2d34b03f-00a2-44c0-9742-7650ae07582a",
    "name": "Cameroon",
    "capital": "Yaoundé",
    "region": "Africa",
    "population": 22709892,
    "area": 475442,
    "flag": "https://restcountries.eu/data/cmr.svg"
  },
  {
    "id": "591fee31-0f07-464c-b3e9-04c7b663b0d3",
    "name": "Canada",
    "capital": "Ottawa",
    "region": "Americas",
    "population": 36155487,
    "area": 9984670,
    "flag": "https://restcountries.eu/data/can.svg"
  },
  {
    "id": "3abd0dbe-914b-45be-83dd-8a1d833c425f",
    "name": "Cabo Verde",
    "capital": "Praia",
    "region": "Africa",
    "population": 531239,
    "area": 4033,
    "flag": "https://restcountries.eu/data/cpv.svg"
  },
  {
    "id": "601754e8-915d-489f-8ed8-9e140ac78ae9",
    "name": "Cayman Islands",
    "capital": "George Town",
    "region": "Americas",
    "population": 58238,
    "area": 264,
    "flag": "https://restcountries.eu/data/cym.svg"
  },
  {
    "id": "3462ba24-83ac-4987-b96a-48bd4b1a7f6a",
    "name": "Central African Republic",
    "capital": "Bangui",
    "region": "Africa",
    "population": 4998000,
    "area": 622984,
    "flag": "https://restcountries.eu/data/caf.svg"
  },
  {
    "id": "aa221396-8298-4251-a696-1cdc3ef3c159",
    "name": "Chad",
    "capital": "N'Djamena",
    "region": "Africa",
    "population": 14497000,
    "area": 1284000,
    "flag": "https://restcountries.eu/data/tcd.svg"
  },
  {
    "id": "1d36b402-cfd0-4d74-9961-b8e598e213fb",
    "name": "Chile",
    "capital": "Santiago",
    "region": "Americas",
    "population": 18191900,
    "area": 756102,
    "flag": "https://restcountries.eu/data/chl.svg"
  },
  {
    "id": "9ae91ca1-a29d-4fc4-9bb9-813efe7c3e6c",
    "name": "China",
    "capital": "Beijing",
    "region": "Asia",
    "population": 1377422166,
    "area": 9640011,
    "flag": "https://restcountries.eu/data/chn.svg"
  },
  {
    "id": "829abcd9-67b1-4352-bfef-172e4ae864e5",
    "name": "Christmas Island",
    "capital": "Flying Fish Cove",
    "region": "Oceania",
    "population": 2072,
    "area": 135,
    "flag": "https://restcountries.eu/data/cxr.svg"
  },
  {
    "id": "1b57b8f6-1304-4795-a42c-0c2b36d97766",
    "name": "Cocos (Keeling) Islands",
    "capital": "West Island",
    "region": "Oceania",
    "population": 550,
    "area": 14,
    "flag": "https://restcountries.eu/data/cck.svg"
  },
  {
    "id": "513b8663-caa6-467a-bb6c-f5ee9f381d87",
    "name": "Colombia",
    "capital": "Bogotá",
    "region": "Americas",
    "population": 48759958,
    "area": 1141748,
    "flag": "https://restcountries.eu/data/col.svg"
  },
  {
    "id": "b02c0a7e-15ef-4708-84d8-e2f572e5e8bf",
    "name": "Comoros",
    "capital": "Moroni",
    "region": "Africa",
    "population": 806153,
    "area": 1862,
    "flag": "https://restcountries.eu/data/com.svg"
  },
  {
    "id": "20356061-5bf9-4023-86c4-40b5e80832eb",
    "name": "Congo",
    "capital": "Brazzaville",
    "region": "Africa",
    "population": 4741000,
    "area": 342000,
    "flag": "https://restcountries.eu/data/cog.svg"
  },
  {
    "id": "dd0a30a0-d1e8-40ed-aaf8-29abc18096d9",
    "name": "Congo (Democratic Republic of the)",
    "capital": "Kinshasa",
    "region": "Africa",
    "population": 85026000,
    "area": 2344858,
    "flag": "https://restcountries.eu/data/cod.svg"
  },
  {
    "id": "d534a70f-deca-48fc-95fa-49bf5a519450",
    "name": "Cook Islands",
    "capital": "Avarua",
    "region": "Oceania",
    "population": 18100,
    "area": 236,
    "flag": "https://restcountries.eu/data/cok.svg"
  },
  {
    "id": "050293c8-b67a-4e09-9cc6-c7e2e595acfa",
    "name": "Costa Rica",
    "capital": "San José",
    "region": "Americas",
    "population": 4890379,
    "area": 51100,
    "flag": "https://restcountries.eu/data/cri.svg"
  },
  {
    "id": "af6ae7e5-5f07-497d-850f-9044fba42399",
    "name": "Croatia",
    "capital": "Zagreb",
    "region": "Europe",
    "population": 4190669,
    "area": 56594,
    "flag": "https://restcountries.eu/data/hrv.svg"
  },
  {
    "id": "968afcfe-fd9a-4114-9e27-17f6abce9171",
    "name": "Cuba",
    "capital": "Havana",
    "region": "Americas",
    "population": 11239004,
    "area": 109884,
    "flag": "https://restcountries.eu/data/cub.svg"
  },
  {
    "id": "88a97426-e340-42ac-a6e0-dacd1aee6012",
    "name": "Curaçao",
    "capital": "Willemstad",
    "region": "Americas",
    "population": 154843,
    "area": 444,
    "flag": "https://restcountries.eu/data/cuw.svg"
  },
  {
    "id": "7ab4884a-9dc9-4549-b407-1123f736e736",
    "name": "Cyprus",
    "capital": "Nicosia",
    "region": "Europe",
    "population": 847000,
    "area": 9251,
    "flag": "https://restcountries.eu/data/cyp.svg"
  },
  {
    "id": "0c070c0c-e2fd-4b23-a670-7cf8fa9ad8f3",
    "name": "Czech Republic",
    "capital": "Prague",
    "region": "Europe",
    "population": 10558524,
    "area": 78865,
    "flag": "https://restcountries.eu/data/cze.svg"
  },
  {
    "id": "d4dbe01f-1c6e-4f89-8bc2-aa570193facb",
    "name": "Denmark",
    "capital": "Copenhagen",
    "region": "Europe",
    "population": 5717014,
    "area": 43094,
    "flag": "https://restcountries.eu/data/dnk.svg"
  },
  {
    "id": "fe5ebeec-b4e2-4082-aaa8-479d9f98ce29",
    "name": "Djibouti",
    "capital": "Djibouti",
    "region": "Africa",
    "population": 900000,
    "area": 23200,
    "flag": "https://restcountries.eu/data/dji.svg"
  },
  {
    "id": "cdc66fff-86aa-466c-b2c3-b8cce81abfd0",
    "name": "Dominica",
    "capital": "Roseau",
    "region": "Americas",
    "population": 71293,
    "area": 751,
    "flag": "https://restcountries.eu/data/dma.svg"
  },
  {
    "id": "58e54f9d-36f7-40b9-8a75-138527c39c90",
    "name": "Dominican Republic",
    "capital": "Santo Domingo",
    "region": "Americas",
    "population": 10075045,
    "area": 48671,
    "flag": "https://restcountries.eu/data/dom.svg"
  },
  {
    "id": "1236821e-4a90-4ced-9160-948dac857cfc",
    "name": "Ecuador",
    "capital": "Quito",
    "region": "Americas",
    "population": 16545799,
    "area": 276841,
    "flag": "https://restcountries.eu/data/ecu.svg"
  },
  {
    "id": "abb4ff01-353f-431a-a79b-dbf682f5661b",
    "name": "Egypt",
    "capital": "Cairo",
    "region": "Africa",
    "population": 91290000,
    "area": 1002450,
    "flag": "https://restcountries.eu/data/egy.svg"
  },
  {
    "id": "09f59bc0-14f8-4d67-a856-5fc3656599d7",
    "name": "El Salvador",
    "capital": "San Salvador",
    "region": "Americas",
    "population": 6520675,
    "area": 21041,
    "flag": "https://restcountries.eu/data/slv.svg"
  },
  {
    "id": "2ac8c7b8-c14a-4223-8d40-420ba8ca1bdb",
    "name": "Equatorial Guinea",
    "capital": "Malabo",
    "region": "Africa",
    "population": 1222442,
    "area": 28051,
    "flag": "https://restcountries.eu/data/gnq.svg"
  },
  {
    "id": "7e94802d-1306-4349-b744-c00f5249a15c",
    "name": "Eritrea",
    "capital": "Asmara",
    "region": "Africa",
    "population": 5352000,
    "area": 117600,
    "flag": "https://restcountries.eu/data/eri.svg"
  },
  {
    "id": "1dad0686-ca8b-4f43-9ba0-3702303c08ba",
    "name": "Estonia",
    "capital": "Tallinn",
    "region": "Europe",
    "population": 1315944,
    "area": 45227,
    "flag": "https://restcountries.eu/data/est.svg"
  },
  {
    "id": "6739df8c-1715-4afc-9ceb-90f1d1184326",
    "name": "Ethiopia",
    "capital": "Addis Ababa",
    "region": "Africa",
    "population": 92206005,
    "area": 1104300,
    "flag": "https://restcountries.eu/data/eth.svg"
  },
  {
    "id": "b7e1818b-c1e4-4789-b5c6-417a1d18eb37",
    "name": "Falkland Islands (Malvinas)",
    "capital": "Stanley",
    "region": "Americas",
    "population": 2563,
    "area": 12173,
    "flag": "https://restcountries.eu/data/flk.svg"
  },
  {
    "id": "5a233d26-093d-41ad-a126-c5eb43536ed2",
    "name": "Faroe Islands",
    "capital": "Tórshavn",
    "region": "Europe",
    "population": 49376,
    "area": 1393,
    "flag": "https://restcountries.eu/data/fro.svg"
  },
  {
    "id": "54d81b79-81d9-4761-b90b-6a117eaa35c3",
    "name": "Fiji",
    "capital": "Suva",
    "region": "Oceania",
    "population": 867000,
    "area": 18272,
    "flag": "https://restcountries.eu/data/fji.svg"
  },
  {
    "id": "bfc70353-042a-423c-a512-b60f50b08208",
    "name": "Finland",
    "capital": "Helsinki",
    "region": "Europe",
    "population": 5491817,
    "area": 338424,
    "flag": "https://restcountries.eu/data/fin.svg"
  },
  {
    "id": "0b4d028b-27ca-43bd-838e-61b325f85e0c",
    "name": "France",
    "capital": "Paris",
    "region": "Europe",
    "population": 66710000,
    "area": 640679,
    "flag": "https://restcountries.eu/data/fra.svg"
  },
  {
    "id": "a1bd83de-eb33-4947-879b-9b7dfe19ce53",
    "name": "French Guiana",
    "capital": "Cayenne",
    "region": "Americas",
    "population": 254541,
    "area": null,
    "flag": "https://restcountries.eu/data/guf.svg"
  },
  {
    "id": "a2934c94-b4dd-42c0-9dd0-3a10361c075c",
    "name": "French Polynesia",
    "capital": "Papeetē",
    "region": "Oceania",
    "population": 271800,
    "area": 4167,
    "flag": "https://restcountries.eu/data/pyf.svg"
  },
  {
    "id": "74e9b126-cae8-425e-a406-1dbfa9111d57",
    "name": "French Southern Territories",
    "capital": "Port-aux-Français",
    "region": "Africa",
    "population": 140,
    "area": 7747,
    "flag": "https://restcountries.eu/data/atf.svg"
  },
  {
    "id": "9b274d8f-dc3e-48a9-8963-7f56595643af",
    "name": "Gabon",
    "capital": "Libreville",
    "region": "Africa",
    "population": 1802278,
    "area": 267668,
    "flag": "https://restcountries.eu/data/gab.svg"
  },
  {
    "id": "eec216ab-5cb2-4765-8d72-8c600f223de5",
    "name": "Gambia",
    "capital": "Banjul",
    "region": "Africa",
    "population": 1882450,
    "area": 11295,
    "flag": "https://restcountries.eu/data/gmb.svg"
  },
  {
    "id": "e10ba3aa-4038-40ab-bafc-24e254e99578",
    "name": "Georgia",
    "capital": "Tbilisi",
    "region": "Asia",
    "population": 3720400,
    "area": 69700,
    "flag": "https://restcountries.eu/data/geo.svg"
  },
  {
    "id": "a64fcc72-ef9f-45c6-be13-45e24dc75446",
    "name": "Germany",
    "capital": "Berlin",
    "region": "Europe",
    "population": 81770900,
    "area": 357114,
    "flag": "https://restcountries.eu/data/deu.svg"
  },
  {
    "id": "f1fb8f5d-b0d5-4f2e-8e1c-e4c624f26f47",
    "name": "Ghana",
    "capital": "Accra",
    "region": "Africa",
    "population": 27670174,
    "area": 238533,
    "flag": "https://restcountries.eu/data/gha.svg"
  },
  {
    "id": "22c94227-f518-4634-8ac0-133856764d70",
    "name": "Gibraltar",
    "capital": "Gibraltar",
    "region": "Europe",
    "population": 33140,
    "area": 6,
    "flag": "https://restcountries.eu/data/gib.svg"
  },
  {
    "id": "8f6a08a5-6d12-491e-8ae2-7499689fa380",
    "name": "Greece",
    "capital": "Athens",
    "region": "Europe",
    "population": 10858018,
    "area": 131990,
    "flag": "https://restcountries.eu/data/grc.svg"
  },
  {
    "id": "1c497932-9160-4f96-a988-6cb908a325f7",
    "name": "Greenland",
    "capital": "Nuuk",
    "region": "Americas",
    "population": 55847,
    "area": 2166086,
    "flag": "https://restcountries.eu/data/grl.svg"
  },
  {
    "id": "95df8248-4e95-41d9-be3f-d6cbb314e738",
    "name": "Grenada",
    "capital": "St. George's",
    "region": "Americas",
    "population": 103328,
    "area": 344,
    "flag": "https://restcountries.eu/data/grd.svg"
  },
  {
    "id": "de6ae8cd-0d9c-444f-a65a-4d08c5f4c33c",
    "name": "Guadeloupe",
    "capital": "Basse-Terre",
    "region": "Americas",
    "population": 400132,
    "area": null,
    "flag": "https://restcountries.eu/data/glp.svg"
  },
  {
    "id": "e9b67da8-7dc1-4346-a72c-ec45b8163e04",
    "name": "Guam",
    "capital": "Hagåtña",
    "region": "Oceania",
    "population": 184200,
    "area": 549,
    "flag": "https://restcountries.eu/data/gum.svg"
  },
  {
    "id": "51563dfc-59b4-40b6-b64c-61fb40aa1cbb",
    "name": "Guatemala",
    "capital": "Guatemala City",
    "region": "Americas",
    "population": 16176133,
    "area": 108889,
    "flag": "https://restcountries.eu/data/gtm.svg"
  },
  {
    "id": "02ebb713-af7d-4914-9423-2d81af00100c",
    "name": "Guernsey",
    "capital": "St. Peter Port",
    "region": "Europe",
    "population": 62999,
    "area": 78,
    "flag": "https://restcountries.eu/data/ggy.svg"
  },
  {
    "id": "65e11bcc-7ad7-4fac-90b9-f55d604bb6e2",
    "name": "Guinea",
    "capital": "Conakry",
    "region": "Africa",
    "population": 12947000,
    "area": 245857,
    "flag": "https://restcountries.eu/data/gin.svg"
  },
  {
    "id": "fcd2f688-b29f-4b7b-8a71-674650dd91d8",
    "name": "Guinea-Bissau",
    "capital": "Bissau",
    "region": "Africa",
    "population": 1547777,
    "area": 36125,
    "flag": "https://restcountries.eu/data/gnb.svg"
  },
  {
    "id": "e9dd853d-2f2b-4279-b618-9423d158100b",
    "name": "Guyana",
    "capital": "Georgetown",
    "region": "Americas",
    "population": 746900,
    "area": 214969,
    "flag": "https://restcountries.eu/data/guy.svg"
  },
  {
    "id": "d0aa5706-6268-4b04-80f4-b0d25554acfe",
    "name": "Haiti",
    "capital": "Port-au-Prince",
    "region": "Americas",
    "population": 11078033,
    "area": 27750,
    "flag": "https://restcountries.eu/data/hti.svg"
  },
  {
    "id": "746cf5fd-7d84-427d-ac83-d2c699abf14f",
    "name": "Heard Island and McDonald Islands",
    "capital": "",
    "region": "",
    "population": 0,
    "area": 412,
    "flag": "https://restcountries.eu/data/hmd.svg"
  },
  {
    "id": "070fd2fc-ae8f-440a-9d67-990150eb0ae1",
    "name": "Holy See",
    "capital": "Rome",
    "region": "Europe",
    "population": 451,
    "area": 0.44,
    "flag": "https://restcountries.eu/data/vat.svg"
  },
  {
    "id": "d95a73d9-a31f-4919-ac41-5bd97377fa7f",
    "name": "Honduras",
    "capital": "Tegucigalpa",
    "region": "Americas",
    "population": 8576532,
    "area": 112492,
    "flag": "https://restcountries.eu/data/hnd.svg"
  },
  {
    "id": "30da0e6a-0fd3-4bf4-91e1-2d8c14ce24e8",
    "name": "Hong Kong",
    "capital": "City of Victoria",
    "region": "Asia",
    "population": 7324300,
    "area": 1104,
    "flag": "https://restcountries.eu/data/hkg.svg"
  },
  {
    "id": "e3960272-a370-4b39-b2ae-c2873b0e4dcf",
    "name": "Hungary",
    "capital": "Budapest",
    "region": "Europe",
    "population": 9823000,
    "area": 93028,
    "flag": "https://restcountries.eu/data/hun.svg"
  },
  {
    "id": "af433c2a-2b93-49fb-9abd-7347f4e3e2d9",
    "name": "Iceland",
    "capital": "Reykjavík",
    "region": "Europe",
    "population": 334300,
    "area": 103000,
    "flag": "https://restcountries.eu/data/isl.svg"
  },
  {
    "id": "c6d45dc0-2da3-4d71-a7d9-fc4b9b3a15d0",
    "name": "India",
    "capital": "New Delhi",
    "region": "Asia",
    "population": 1295210000,
    "area": 3287590,
    "flag": "https://restcountries.eu/data/ind.svg"
  },
  {
    "id": "9366da3e-1e81-4f94-99c4-1083d2846c8e",
    "name": "Indonesia",
    "capital": "Jakarta",
    "region": "Asia",
    "population": 258705000,
    "area": 1904569,
    "flag": "https://restcountries.eu/data/idn.svg"
  },
  {
    "id": "f27d9e5f-c2ec-46d6-9588-60df9e52c792",
    "name": "Côte d'Ivoire",
    "capital": "Yamoussoukro",
    "region": "Africa",
    "population": 22671331,
    "area": 322463,
    "flag": "https://restcountries.eu/data/civ.svg"
  },
  {
    "id": "eafba3fc-7fdc-4f33-a228-92533c66d057",
    "name": "Iran (Islamic Republic of)",
    "capital": "Tehran",
    "region": "Asia",
    "population": 79369900,
    "area": 1648195,
    "flag": "https://restcountries.eu/data/irn.svg"
  },
  {
    "id": "2bdd3b5a-203e-418e-87d3-71837c5b07ba",
    "name": "Iraq",
    "capital": "Baghdad",
    "region": "Asia",
    "population": 37883543,
    "area": 438317,
    "flag": "https://restcountries.eu/data/irq.svg"
  },
  {
    "id": "d3fb4597-49a5-4918-8aa4-056ad1379d0f",
    "name": "Ireland",
    "capital": "Dublin",
    "region": "Europe",
    "population": 6378000,
    "area": 70273,
    "flag": "https://restcountries.eu/data/irl.svg"
  },
  {
    "id": "b7556b0e-0941-4c61-b7b2-b561fe040be0",
    "name": "Isle of Man",
    "capital": "Douglas",
    "region": "Europe",
    "population": 84497,
    "area": 572,
    "flag": "https://restcountries.eu/data/imn.svg"
  },
  {
    "id": "700b20d0-f046-493f-b48d-4cf5a8449cc2",
    "name": "Israel",
    "capital": "Jerusalem",
    "region": "Asia",
    "population": 8527400,
    "area": 20770,
    "flag": "https://restcountries.eu/data/isr.svg"
  },
  {
    "id": "100088d7-20c6-42e6-9865-6345d46266b9",
    "name": "Italy",
    "capital": "Rome",
    "region": "Europe",
    "population": 60665551,
    "area": 301336,
    "flag": "https://restcountries.eu/data/ita.svg"
  },
  {
    "id": "842d3986-2232-43cc-b619-e6bcd9b45e7e",
    "name": "Jamaica",
    "capital": "Kingston",
    "region": "Americas",
    "population": 2723246,
    "area": 10991,
    "flag": "https://restcountries.eu/data/jam.svg"
  },
  {
    "id": "628e074d-1899-4cd1-92da-181c72ecc32c",
    "name": "Japan",
    "capital": "Tokyo",
    "region": "Asia",
    "population": 126960000,
    "area": 377930,
    "flag": "https://restcountries.eu/data/jpn.svg"
  },
  {
    "id": "fe75a8e6-1ce5-4701-9626-76c3c9e6b629",
    "name": "Jersey",
    "capital": "Saint Helier",
    "region": "Europe",
    "population": 100800,
    "area": 116,
    "flag": "https://restcountries.eu/data/jey.svg"
  },
  {
    "id": "8ecf2274-8a92-4e50-a108-90e97b57e472",
    "name": "Jordan",
    "capital": "Amman",
    "region": "Asia",
    "population": 9531712,
    "area": 89342,
    "flag": "https://restcountries.eu/data/jor.svg"
  },
  {
    "id": "c65299a0-1ec0-4f84-938b-949b2d407b9a",
    "name": "Kazakhstan",
    "capital": "Astana",
    "region": "Asia",
    "population": 17753200,
    "area": 2724900,
    "flag": "https://restcountries.eu/data/kaz.svg"
  },
  {
    "id": "b61f478b-fc6e-4475-8e8b-fba03debae1d",
    "name": "Kenya",
    "capital": "Nairobi",
    "region": "Africa",
    "population": 47251000,
    "area": 580367,
    "flag": "https://restcountries.eu/data/ken.svg"
  },
  {
    "id": "dcf43ca9-0928-4393-8750-af32628f1a13",
    "name": "Kiribati",
    "capital": "South Tarawa",
    "region": "Oceania",
    "population": 113400,
    "area": 811,
    "flag": "https://restcountries.eu/data/kir.svg"
  },
  {
    "id": "6f3290ef-1122-4fa8-b394-3fd9a0418b01",
    "name": "Kuwait",
    "capital": "Kuwait City",
    "region": "Asia",
    "population": 4183658,
    "area": 17818,
    "flag": "https://restcountries.eu/data/kwt.svg"
  },
  {
    "id": "22437272-03c8-4c95-bd8d-93aaf61e6fca",
    "name": "Kyrgyzstan",
    "capital": "Bishkek",
    "region": "Asia",
    "population": 6047800,
    "area": 199951,
    "flag": "https://restcountries.eu/data/kgz.svg"
  },
  {
    "id": "5590512c-caf8-42a8-8e0b-d1498415d92e",
    "name": "Lao People's Democratic Republic",
    "capital": "Vientiane",
    "region": "Asia",
    "population": 6492400,
    "area": 236800,
    "flag": "https://restcountries.eu/data/lao.svg"
  },
  {
    "id": "b3852d24-8e2b-477d-b07e-b5281612c210",
    "name": "Latvia",
    "capital": "Riga",
    "region": "Europe",
    "population": 1961600,
    "area": 64559,
    "flag": "https://restcountries.eu/data/lva.svg"
  },
  {
    "id": "00762e17-e6e7-48fb-a488-2fd46e27d2d3",
    "name": "Lebanon",
    "capital": "Beirut",
    "region": "Asia",
    "population": 5988000,
    "area": 10452,
    "flag": "https://restcountries.eu/data/lbn.svg"
  },
  {
    "id": "3ac24620-fdc0-4665-b0f8-9beefcb8f5c6",
    "name": "Lesotho",
    "capital": "Maseru",
    "region": "Africa",
    "population": 1894194,
    "area": 30355,
    "flag": "https://restcountries.eu/data/lso.svg"
  },
  {
    "id": "db14ec46-97f6-46d8-985f-91e6010bf73e",
    "name": "Liberia",
    "capital": "Monrovia",
    "region": "Africa",
    "population": 4615000,
    "area": 111369,
    "flag": "https://restcountries.eu/data/lbr.svg"
  },
  {
    "id": "0cb8c401-2df3-4910-b926-08430bd7fa91",
    "name": "Libya",
    "capital": "Tripoli",
    "region": "Africa",
    "population": 6385000,
    "area": 1759540,
    "flag": "https://restcountries.eu/data/lby.svg"
  },
  {
    "id": "7e445f06-3ba1-42e3-bba2-1c648434aca7",
    "name": "Liechtenstein",
    "capital": "Vaduz",
    "region": "Europe",
    "population": 37623,
    "area": 160,
    "flag": "https://restcountries.eu/data/lie.svg"
  },
  {
    "id": "f933fbdf-7441-4a1e-aac7-8925d7bcb96c",
    "name": "Lithuania",
    "capital": "Vilnius",
    "region": "Europe",
    "population": 2872294,
    "area": 65300,
    "flag": "https://restcountries.eu/data/ltu.svg"
  },
  {
    "id": "a02603a2-de32-4ab2-996a-d8f6e2260c96",
    "name": "Luxembourg",
    "capital": "Luxembourg",
    "region": "Europe",
    "population": 576200,
    "area": 2586,
    "flag": "https://restcountries.eu/data/lux.svg"
  },
  {
    "id": "390877ce-f2f3-4f50-b940-44a71ea39eca",
    "name": "Macao",
    "capital": "",
    "region": "Asia",
    "population": 649100,
    "area": 30,
    "flag": "https://restcountries.eu/data/mac.svg"
  },
  {
    "id": "c26f9424-c14d-4c88-bf29-5e0218514c08",
    "name": "Macedonia (the former Yugoslav Republic of)",
    "capital": "Skopje",
    "region": "Europe",
    "population": 2058539,
    "area": 25713,
    "flag": "https://restcountries.eu/data/mkd.svg"
  },
  {
    "id": "0d1edb5d-f1e8-4211-88d7-52f9831aeee6",
    "name": "Madagascar",
    "capital": "Antananarivo",
    "region": "Africa",
    "population": 22434363,
    "area": 587041,
    "flag": "https://restcountries.eu/data/mdg.svg"
  },
  {
    "id": "31b822f7-35f4-4dbd-8087-2a6804fd1639",
    "name": "Malawi",
    "capital": "Lilongwe",
    "region": "Africa",
    "population": 16832910,
    "area": 118484,
    "flag": "https://restcountries.eu/data/mwi.svg"
  },
  {
    "id": "ffa5f89d-0537-4e79-b895-af2ecf7ec0ba",
    "name": "Malaysia",
    "capital": "Kuala Lumpur",
    "region": "Asia",
    "population": 31405416,
    "area": 330803,
    "flag": "https://restcountries.eu/data/mys.svg"
  },
  {
    "id": "79a66cb1-8ee2-433a-ae8f-8e6356aa9bc7",
    "name": "Maldives",
    "capital": "Malé",
    "region": "Asia",
    "population": 344023,
    "area": 300,
    "flag": "https://restcountries.eu/data/mdv.svg"
  },
  {
    "id": "89267535-f4e3-466e-8313-da0172c7f44f",
    "name": "Mali",
    "capital": "Bamako",
    "region": "Africa",
    "population": 18135000,
    "area": 1240192,
    "flag": "https://restcountries.eu/data/mli.svg"
  },
  {
    "id": "2e00247d-fce4-42d1-81e6-fbc463729781",
    "name": "Malta",
    "capital": "Valletta",
    "region": "Europe",
    "population": 425384,
    "area": 316,
    "flag": "https://restcountries.eu/data/mlt.svg"
  },
  {
    "id": "7acb355d-935c-4323-b293-ca6cc25ad3c3",
    "name": "Marshall Islands",
    "capital": "Majuro",
    "region": "Oceania",
    "population": 54880,
    "area": 181,
    "flag": "https://restcountries.eu/data/mhl.svg"
  },
  {
    "id": "6e7ec0a6-451e-4935-a3d4-6b0d77e6e207",
    "name": "Martinique",
    "capital": "Fort-de-France",
    "region": "Americas",
    "population": 378243,
    "area": null,
    "flag": "https://restcountries.eu/data/mtq.svg"
  },
  {
    "id": "08eb6e93-3557-4e21-bb34-83429669878f",
    "name": "Mauritania",
    "capital": "Nouakchott",
    "region": "Africa",
    "population": 3718678,
    "area": 1030700,
    "flag": "https://restcountries.eu/data/mrt.svg"
  },
  {
    "id": "e56de99b-61b0-461c-acd6-9a1cd8bac9e6",
    "name": "Mauritius",
    "capital": "Port Louis",
    "region": "Africa",
    "population": 1262879,
    "area": 2040,
    "flag": "https://restcountries.eu/data/mus.svg"
  },
  {
    "id": "f1097df8-e643-4661-a402-2f5320f734a4",
    "name": "Mayotte",
    "capital": "Mamoudzou",
    "region": "Africa",
    "population": 226915,
    "area": null,
    "flag": "https://restcountries.eu/data/myt.svg"
  },
  {
    "id": "496222a0-5d33-4d07-8e92-7982aba54617",
    "name": "Mexico",
    "capital": "Mexico City",
    "region": "Americas",
    "population": 122273473,
    "area": 1964375,
    "flag": "https://restcountries.eu/data/mex.svg"
  },
  {
    "id": "e2c5214b-0369-4fe7-9074-55a8cc53dfc6",
    "name": "Micronesia (Federated States of)",
    "capital": "Palikir",
    "region": "Oceania",
    "population": 102800,
    "area": 702,
    "flag": "https://restcountries.eu/data/fsm.svg"
  },
  {
    "id": "bbaad87b-b540-4f1a-82a3-cbe0bbad3f79",
    "name": "Moldova (Republic of)",
    "capital": "Chișinău",
    "region": "Europe",
    "population": 3553100,
    "area": 33846,
    "flag": "https://restcountries.eu/data/mda.svg"
  },
  {
    "id": "7919a917-27d7-471e-a208-9d12b999eaf5",
    "name": "Monaco",
    "capital": "Monaco",
    "region": "Europe",
    "population": 38400,
    "area": 2.02,
    "flag": "https://restcountries.eu/data/mco.svg"
  },
  {
    "id": "033161e9-ac3c-4326-8d30-3fe2054c233e",
    "name": "Mongolia",
    "capital": "Ulan Bator",
    "region": "Asia",
    "population": 3093100,
    "area": 1564110,
    "flag": "https://restcountries.eu/data/mng.svg"
  },
  {
    "id": "b0346ce6-0a3f-4d7f-95fe-a0ccd3ef3213",
    "name": "Montenegro",
    "capital": "Podgorica",
    "region": "Europe",
    "population": 621810,
    "area": 13812,
    "flag": "https://restcountries.eu/data/mne.svg"
  },
  {
    "id": "a7237fd2-31b8-42c9-89a5-8a393f6d8e6a",
    "name": "Montserrat",
    "capital": "Plymouth",
    "region": "Americas",
    "population": 4922,
    "area": 102,
    "flag": "https://restcountries.eu/data/msr.svg"
  },
  {
    "id": "2b49094c-672d-4cd5-acb5-51a4b7129149",
    "name": "Morocco",
    "capital": "Rabat",
    "region": "Africa",
    "population": 33337529,
    "area": 446550,
    "flag": "https://restcountries.eu/data/mar.svg"
  },
  {
    "id": "c119d07c-5b79-4cb4-9f97-19d946704f7c",
    "name": "Mozambique",
    "capital": "Maputo",
    "region": "Africa",
    "population": 26423700,
    "area": 801590,
    "flag": "https://restcountries.eu/data/moz.svg"
  },
  {
    "id": "ff5a1bdc-a58f-4efd-92b0-3aec82a5db5c",
    "name": "Myanmar",
    "capital": "Naypyidaw",
    "region": "Asia",
    "population": 51419420,
    "area": 676578,
    "flag": "https://restcountries.eu/data/mmr.svg"
  },
  {
    "id": "f3e69ffe-74f0-46fc-81df-ef6ff9fdb105",
    "name": "Namibia",
    "capital": "Windhoek",
    "region": "Africa",
    "population": 2324388,
    "area": 825615,
    "flag": "https://restcountries.eu/data/nam.svg"
  },
  {
    "id": "dd3f0f99-7abd-4b0f-a5c4-94c859ccede2",
    "name": "Nauru",
    "capital": "Yaren",
    "region": "Oceania",
    "population": 10084,
    "area": 21,
    "flag": "https://restcountries.eu/data/nru.svg"
  },
  {
    "id": "21c01dd7-b847-4abf-a45e-c49cd7a67066",
    "name": "Nepal",
    "capital": "Kathmandu",
    "region": "Asia",
    "population": 28431500,
    "area": 147181,
    "flag": "https://restcountries.eu/data/npl.svg"
  },
  {
    "id": "e95892e3-5a2d-4661-bc5d-a57e68d09f7a",
    "name": "Netherlands",
    "capital": "Amsterdam",
    "region": "Europe",
    "population": 17019800,
    "area": 41850,
    "flag": "https://restcountries.eu/data/nld.svg"
  },
  {
    "id": "77db8b95-3fcc-48b3-a9b6-d46f59cb5a58",
    "name": "New Caledonia",
    "capital": "Nouméa",
    "region": "Oceania",
    "population": 268767,
    "area": 18575,
    "flag": "https://restcountries.eu/data/ncl.svg"
  },
  {
    "id": "aa75f530-2728-4e54-b905-b0c05bc5ba02",
    "name": "New Zealand",
    "capital": "Wellington",
    "region": "Oceania",
    "population": 4697854,
    "area": 270467,
    "flag": "https://restcountries.eu/data/nzl.svg"
  },
  {
    "id": "2b663348-7efe-4527-896a-d8a638fb7a56",
    "name": "Nicaragua",
    "capital": "Managua",
    "region": "Americas",
    "population": 6262703,
    "area": 130373,
    "flag": "https://restcountries.eu/data/nic.svg"
  },
  {
    "id": "3abc3259-0006-47a8-94a1-afbc10f01cb8",
    "name": "Niger",
    "capital": "Niamey",
    "region": "Africa",
    "population": 20715000,
    "area": 1267000,
    "flag": "https://restcountries.eu/data/ner.svg"
  },
  {
    "id": "429539ce-71e0-49f6-a421-98560d5d8c98",
    "name": "Nigeria",
    "capital": "Abuja",
    "region": "Africa",
    "population": 186988000,
    "area": 923768,
    "flag": "https://restcountries.eu/data/nga.svg"
  },
  {
    "id": "98d88805-c0d8-422d-b96f-db9d24623858",
    "name": "Niue",
    "capital": "Alofi",
    "region": "Oceania",
    "population": 1470,
    "area": 260,
    "flag": "https://restcountries.eu/data/niu.svg"
  },
  {
    "id": "39b02100-2a5b-42af-803e-00b5885c1a39",
    "name": "Norfolk Island",
    "capital": "Kingston",
    "region": "Oceania",
    "population": 2302,
    "area": 36,
    "flag": "https://restcountries.eu/data/nfk.svg"
  },
  {
    "id": "9b90eef9-ae5d-4465-a0dc-160a51505891",
    "name": "Korea (Democratic People's Republic of)",
    "capital": "Pyongyang",
    "region": "Asia",
    "population": 25281000,
    "area": 120538,
    "flag": "https://restcountries.eu/data/prk.svg"
  },
  {
    "id": "e3a520c8-cc2f-429f-96f5-7570225a7939",
    "name": "Northern Mariana Islands",
    "capital": "Saipan",
    "region": "Oceania",
    "population": 56940,
    "area": 464,
    "flag": "https://restcountries.eu/data/mnp.svg"
  },
  {
    "id": "df6c63d8-7ba1-46d2-a414-25bb2602b504",
    "name": "Norway",
    "capital": "Oslo",
    "region": "Europe",
    "population": 5223256,
    "area": 323802,
    "flag": "https://restcountries.eu/data/nor.svg"
  },
  {
    "id": "b7fc0244-8e19-4158-921a-f6a96151fbb9",
    "name": "Oman",
    "capital": "Muscat",
    "region": "Asia",
    "population": 4420133,
    "area": 309500,
    "flag": "https://restcountries.eu/data/omn.svg"
  },
  {
    "id": "b1f17b95-36e0-4304-a9e8-bc8ebca998d4",
    "name": "Pakistan",
    "capital": "Islamabad",
    "region": "Asia",
    "population": 194125062,
    "area": 881912,
    "flag": "https://restcountries.eu/data/pak.svg"
  },
  {
    "id": "0922342a-2589-487e-990f-3d829683000f",
    "name": "Palau",
    "capital": "Ngerulmud",
    "region": "Oceania",
    "population": 17950,
    "area": 459,
    "flag": "https://restcountries.eu/data/plw.svg"
  },
  {
    "id": "87c1a440-2abc-42b8-90a6-0e44d26defab",
    "name": "Palestine, State of",
    "capital": "Ramallah",
    "region": "Asia",
    "population": 4682467,
    "area": null,
    "flag": "https://restcountries.eu/data/pse.svg"
  },
  {
    "id": "14eed873-c535-4244-8fe7-dd3f30e5d5e5",
    "name": "Panama",
    "capital": "Panama City",
    "region": "Americas",
    "population": 3814672,
    "area": 75417,
    "flag": "https://restcountries.eu/data/pan.svg"
  },
  {
    "id": "61707396-374b-4be8-8764-3a99b16ef004",
    "name": "Papua New Guinea",
    "capital": "Port Moresby",
    "region": "Oceania",
    "population": 8083700,
    "area": 462840,
    "flag": "https://restcountries.eu/data/png.svg"
  },
  {
    "id": "fc349e77-4133-4709-97d2-fc36450d5347",
    "name": "Paraguay",
    "capital": "Asunción",
    "region": "Americas",
    "population": 6854536,
    "area": 406752,
    "flag": "https://restcountries.eu/data/pry.svg"
  },
  {
    "id": "8297b7d6-5d60-43ed-92d9-6acde78ed597",
    "name": "Peru",
    "capital": "Lima",
    "region": "Americas",
    "population": 31488700,
    "area": 1285216,
    "flag": "https://restcountries.eu/data/per.svg"
  },
  {
    "id": "065fe630-a2d2-45dd-b7ae-396aa76b7cad",
    "name": "Philippines",
    "capital": "Manila",
    "region": "Asia",
    "population": 103279800,
    "area": 342353,
    "flag": "https://restcountries.eu/data/phl.svg"
  },
  {
    "id": "c123aec8-c23e-4e41-8b4f-a30f1facb3c5",
    "name": "Pitcairn",
    "capital": "Adamstown",
    "region": "Oceania",
    "population": 56,
    "area": 47,
    "flag": "https://restcountries.eu/data/pcn.svg"
  },
  {
    "id": "b3800394-473b-4c21-a306-6db485701a03",
    "name": "Poland",
    "capital": "Warsaw",
    "region": "Europe",
    "population": 38437239,
    "area": 312679,
    "flag": "https://restcountries.eu/data/pol.svg"
  },
  {
    "id": "0b03f222-7657-427c-8ff8-b3575a56a6fd",
    "name": "Portugal",
    "capital": "Lisbon",
    "region": "Europe",
    "population": 10374822,
    "area": 92090,
    "flag": "https://restcountries.eu/data/prt.svg"
  },
  {
    "id": "b7e143e4-4e7b-4efe-9ae2-8953ebaad55f",
    "name": "Puerto Rico",
    "capital": "San Juan",
    "region": "Americas",
    "population": 3474182,
    "area": 8870,
    "flag": "https://restcountries.eu/data/pri.svg"
  },
  {
    "id": "c3905867-e5e9-4547-b904-71b6a3ce7676",
    "name": "Qatar",
    "capital": "Doha",
    "region": "Asia",
    "population": 2587564,
    "area": 11586,
    "flag": "https://restcountries.eu/data/qat.svg"
  },
  {
    "id": "7b4baaf2-d43d-4937-8d68-6cf8734e69be",
    "name": "Republic of Kosovo",
    "capital": "Pristina",
    "region": "Europe",
    "population": 1733842,
    "area": 10908,
    "flag": "https://restcountries.eu/data/kos.svg"
  },
  {
    "id": "9856d04f-c086-4e19-8fcf-cf3bef96acae",
    "name": "Réunion",
    "capital": "Saint-Denis",
    "region": "Africa",
    "population": 840974,
    "area": null,
    "flag": "https://restcountries.eu/data/reu.svg"
  },
  {
    "id": "132307a8-e242-401f-87e2-3c4d6053031f",
    "name": "Romania",
    "capital": "Bucharest",
    "region": "Europe",
    "population": 19861408,
    "area": 238391,
    "flag": "https://restcountries.eu/data/rou.svg"
  },
  {
    "id": "aa6d81d0-4ab5-4991-bd2e-24639ff08fcb",
    "name": "Russian Federation",
    "capital": "Moscow",
    "region": "Europe",
    "population": 146599183,
    "area": 17124442,
    "flag": "https://restcountries.eu/data/rus.svg"
  },
  {
    "id": "ced5fe62-4c8f-4fdd-856a-6b23b871a0b8",
    "name": "Rwanda",
    "capital": "Kigali",
    "region": "Africa",
    "population": 11553188,
    "area": 26338,
    "flag": "https://restcountries.eu/data/rwa.svg"
  },
  {
    "id": "eaf32136-90c8-47d8-ae1e-763c6cb375da",
    "name": "Saint Barthélemy",
    "capital": "Gustavia",
    "region": "Americas",
    "population": 9417,
    "area": 21,
    "flag": "https://restcountries.eu/data/blm.svg"
  },
  {
    "id": "c756e386-34b0-4b1a-bce6-72ac9c032361",
    "name": "Saint Helena, Ascension and Tristan da Cunha",
    "capital": "Jamestown",
    "region": "Africa",
    "population": 4255,
    "area": null,
    "flag": "https://restcountries.eu/data/shn.svg"
  },
  {
    "id": "19922550-9d68-491e-88b5-4881b71d551c",
    "name": "Saint Kitts and Nevis",
    "capital": "Basseterre",
    "region": "Americas",
    "population": 46204,
    "area": 261,
    "flag": "https://restcountries.eu/data/kna.svg"
  },
  {
    "id": "cfbfc15a-a1a6-423f-a94f-4d0db2e1451e",
    "name": "Saint Lucia",
    "capital": "Castries",
    "region": "Americas",
    "population": 186000,
    "area": 616,
    "flag": "https://restcountries.eu/data/lca.svg"
  },
  {
    "id": "53f46332-9af7-4882-b40c-eeca79480818",
    "name": "Saint Martin (French part)",
    "capital": "Marigot",
    "region": "Americas",
    "population": 36979,
    "area": 53,
    "flag": "https://restcountries.eu/data/maf.svg"
  },
  {
    "id": "d040cb4b-0ac1-4c01-aaa8-e3e7aa0184f6",
    "name": "Saint Pierre and Miquelon",
    "capital": "Saint-Pierre",
    "region": "Americas",
    "population": 6069,
    "area": 242,
    "flag": "https://restcountries.eu/data/spm.svg"
  },
  {
    "id": "fb717cd7-e88a-46c6-8653-8fcc38df95f3",
    "name": "Saint Vincent and the Grenadines",
    "capital": "Kingstown",
    "region": "Americas",
    "population": 109991,
    "area": 389,
    "flag": "https://restcountries.eu/data/vct.svg"
  },
  {
    "id": "d6301124-414b-40df-9d86-28f962c2fde0",
    "name": "Samoa",
    "capital": "Apia",
    "region": "Oceania",
    "population": 194899,
    "area": 2842,
    "flag": "https://restcountries.eu/data/wsm.svg"
  },
  {
    "id": "885b3caf-e2c9-4d7f-8732-4193d0a06e96",
    "name": "San Marino",
    "capital": "City of San Marino",
    "region": "Europe",
    "population": 33005,
    "area": 61,
    "flag": "https://restcountries.eu/data/smr.svg"
  },
  {
    "id": "84c5b09a-e7c6-4060-a9ce-43b05de3611f",
    "name": "Sao Tome and Principe",
    "capital": "São Tomé",
    "region": "Africa",
    "population": 187356,
    "area": 964,
    "flag": "https://restcountries.eu/data/stp.svg"
  },
  {
    "id": "f9092a6c-104d-4605-9af7-e12c9242d441",
    "name": "Saudi Arabia",
    "capital": "Riyadh",
    "region": "Asia",
    "population": 32248200,
    "area": 2149690,
    "flag": "https://restcountries.eu/data/sau.svg"
  },
  {
    "id": "bc7dd2e2-8572-409f-b418-967085f73bb5",
    "name": "Senegal",
    "capital": "Dakar",
    "region": "Africa",
    "population": 14799859,
    "area": 196722,
    "flag": "https://restcountries.eu/data/sen.svg"
  },
  {
    "id": "bda98c3e-d072-49d2-b8e0-f862a33baca5",
    "name": "Serbia",
    "capital": "Belgrade",
    "region": "Europe",
    "population": 7076372,
    "area": 88361,
    "flag": "https://restcountries.eu/data/srb.svg"
  },
  {
    "id": "f5969bc6-6959-40ae-aaf3-b841b50fe6b1",
    "name": "Seychelles",
    "capital": "Victoria",
    "region": "Africa",
    "population": 91400,
    "area": 452,
    "flag": "https://restcountries.eu/data/syc.svg"
  },
  {
    "id": "53c9b636-ef0f-4356-8a86-fe70f2758fd6",
    "name": "Sierra Leone",
    "capital": "Freetown",
    "region": "Africa",
    "population": 7075641,
    "area": 71740,
    "flag": "https://restcountries.eu/data/sle.svg"
  },
  {
    "id": "c27b461c-c88f-4ad3-b5c4-27df8c2254ec",
    "name": "Singapore",
    "capital": "Singapore",
    "region": "Asia",
    "population": 5535000,
    "area": 710,
    "flag": "https://restcountries.eu/data/sgp.svg"
  },
  {
    "id": "c4a6c416-3009-47df-92d4-cd1b9203389e",
    "name": "Sint Maarten (Dutch part)",
    "capital": "Philipsburg",
    "region": "Americas",
    "population": 38247,
    "area": 34,
    "flag": "https://restcountries.eu/data/sxm.svg"
  },
  {
    "id": "e2e753ac-6f3c-49a1-8e9d-d3ec8f051785",
    "name": "Slovakia",
    "capital": "Bratislava",
    "region": "Europe",
    "population": 5426252,
    "area": 49037,
    "flag": "https://restcountries.eu/data/svk.svg"
  },
  {
    "id": "e56b7be6-c52f-489d-b5f4-c4e2783ee606",
    "name": "Slovenia",
    "capital": "Ljubljana",
    "region": "Europe",
    "population": 2064188,
    "area": 20273,
    "flag": "https://restcountries.eu/data/svn.svg"
  },
  {
    "id": "49d31ada-d251-4d92-a173-52fd88e79c19",
    "name": "Solomon Islands",
    "capital": "Honiara",
    "region": "Oceania",
    "population": 642000,
    "area": 28896,
    "flag": "https://restcountries.eu/data/slb.svg"
  },
  {
    "id": "c28f071f-9438-4c6e-b0e8-0585052713a5",
    "name": "Somalia",
    "capital": "Mogadishu",
    "region": "Africa",
    "population": 11079000,
    "area": 637657,
    "flag": "https://restcountries.eu/data/som.svg"
  },
  {
    "id": "66bcf9c9-3ce8-4b71-9d89-acc6ec54dab0",
    "name": "South Africa",
    "capital": "Pretoria",
    "region": "Africa",
    "population": 55653654,
    "area": 1221037,
    "flag": "https://restcountries.eu/data/zaf.svg"
  },
  {
    "id": "78d751b7-61ee-486e-9a98-e1e760c1e14c",
    "name": "South Georgia and the South Sandwich Islands",
    "capital": "King Edward Point",
    "region": "Americas",
    "population": 30,
    "area": null,
    "flag": "https://restcountries.eu/data/sgs.svg"
  },
  {
    "id": "c3a83439-ceb9-4a53-8597-4140d1e79515",
    "name": "Korea (Republic of)",
    "capital": "Seoul",
    "region": "Asia",
    "population": 50801405,
    "area": 100210,
    "flag": "https://restcountries.eu/data/kor.svg"
  },
  {
    "id": "e53a0e4e-7695-47fe-b139-71bc045c79d8",
    "name": "South Sudan",
    "capital": "Juba",
    "region": "Africa",
    "population": 12131000,
    "area": 619745,
    "flag": "https://restcountries.eu/data/ssd.svg"
  },
  {
    "id": "29259d41-aefc-47f9-8eed-d617d42ad6ae",
    "name": "Spain",
    "capital": "Madrid",
    "region": "Europe",
    "population": 46438422,
    "area": 505992,
    "flag": "https://restcountries.eu/data/esp.svg"
  },
  {
    "id": "a3b1ac19-3e1f-4b79-9790-caf5b5c1e853",
    "name": "Sri Lanka",
    "capital": "Colombo",
    "region": "Asia",
    "population": 20966000,
    "area": 65610,
    "flag": "https://restcountries.eu/data/lka.svg"
  },
  {
    "id": "09a883ca-7fd8-4b54-b680-e9a3c195f693",
    "name": "Sudan",
    "capital": "Khartoum",
    "region": "Africa",
    "population": 39598700,
    "area": 1886068,
    "flag": "https://restcountries.eu/data/sdn.svg"
  },
  {
    "id": "72bf1f94-c66c-490d-856e-647e6aee49a8",
    "name": "Suriname",
    "capital": "Paramaribo",
    "region": "Americas",
    "population": 541638,
    "area": 163820,
    "flag": "https://restcountries.eu/data/sur.svg"
  },
  {
    "id": "d7ae7b9a-f835-4961-a6f3-7cfeec8c1aa1",
    "name": "Svalbard and Jan Mayen",
    "capital": "Longyearbyen",
    "region": "Europe",
    "population": 2562,
    "area": null,
    "flag": "https://restcountries.eu/data/sjm.svg"
  },
  {
    "id": "a011d9b6-df06-4a02-a5af-e4962cc5ad37",
    "name": "Swaziland",
    "capital": "Lobamba",
    "region": "Africa",
    "population": 1132657,
    "area": 17364,
    "flag": "https://restcountries.eu/data/swz.svg"
  },
  {
    "id": "d1eb1372-8558-432e-8d45-e0ea3f3b4526",
    "name": "Sweden",
    "capital": "Stockholm",
    "region": "Europe",
    "population": 9894888,
    "area": 450295,
    "flag": "https://restcountries.eu/data/swe.svg"
  },
  {
    "id": "ca9eed52-bde4-49f9-a183-e8002717c663",
    "name": "Switzerland",
    "capital": "Bern",
    "region": "Europe",
    "population": 8341600,
    "area": 41284,
    "flag": "https://restcountries.eu/data/che.svg"
  },
  {
    "id": "0a637bdd-57a7-4108-ac2d-fb1f11f106a3",
    "name": "Syrian Arab Republic",
    "capital": "Damascus",
    "region": "Asia",
    "population": 18564000,
    "area": 185180,
    "flag": "https://restcountries.eu/data/syr.svg"
  },
  {
    "id": "9551e9c5-7c6b-4019-ab0b-f3a5185c2f00",
    "name": "Taiwan",
    "capital": "Taipei",
    "region": "Asia",
    "population": 23503349,
    "area": 36193,
    "flag": "https://restcountries.eu/data/twn.svg"
  },
  {
    "id": "9fb74832-8d3b-4f42-9ced-9219c532629b",
    "name": "Tajikistan",
    "capital": "Dushanbe",
    "region": "Asia",
    "population": 8593600,
    "area": 143100,
    "flag": "https://restcountries.eu/data/tjk.svg"
  },
  {
    "id": "12a7b9d6-9c16-4084-9bc1-5da808e487cb",
    "name": "Tanzania, United Republic of",
    "capital": "Dodoma",
    "region": "Africa",
    "population": 55155000,
    "area": 945087,
    "flag": "https://restcountries.eu/data/tza.svg"
  },
  {
    "id": "5f38537c-4f29-46db-991d-c47b410fac48",
    "name": "Thailand",
    "capital": "Bangkok",
    "region": "Asia",
    "population": 65327652,
    "area": 513120,
    "flag": "https://restcountries.eu/data/tha.svg"
  },
  {
    "id": "2848eea4-b728-4480-aa1c-dc30d3339489",
    "name": "Timor-Leste",
    "capital": "Dili",
    "region": "Asia",
    "population": 1167242,
    "area": 14874,
    "flag": "https://restcountries.eu/data/tls.svg"
  },
  {
    "id": "d6fab331-f718-47bf-926b-b6211365a9d0",
    "name": "Togo",
    "capital": "Lomé",
    "region": "Africa",
    "population": 7143000,
    "area": 56785,
    "flag": "https://restcountries.eu/data/tgo.svg"
  },
  {
    "id": "008c29c2-6725-4e3b-93d5-f39e07ba4673",
    "name": "Tokelau",
    "capital": "Fakaofo",
    "region": "Oceania",
    "population": 1411,
    "area": 12,
    "flag": "https://restcountries.eu/data/tkl.svg"
  },
  {
    "id": "8a5a468c-876e-4ff8-855e-46fa506ebe9f",
    "name": "Tonga",
    "capital": "Nuku'alofa",
    "region": "Oceania",
    "population": 103252,
    "area": 747,
    "flag": "https://restcountries.eu/data/ton.svg"
  },
  {
    "id": "5078b8fb-6e1c-4409-b892-36d319c030e5",
    "name": "Trinidad and Tobago",
    "capital": "Port of Spain",
    "region": "Americas",
    "population": 1349667,
    "area": 5130,
    "flag": "https://restcountries.eu/data/tto.svg"
  },
  {
    "id": "ced7ead4-44aa-403f-82a9-374d3cbe0de2",
    "name": "Tunisia",
    "capital": "Tunis",
    "region": "Africa",
    "population": 11154400,
    "area": 163610,
    "flag": "https://restcountries.eu/data/tun.svg"
  },
  {
    "id": "22851469-5b24-4d8e-aad9-39a861a5e802",
    "name": "Turkey",
    "capital": "Ankara",
    "region": "Asia",
    "population": 78741053,
    "area": 783562,
    "flag": "https://restcountries.eu/data/tur.svg"
  },
  {
    "id": "405cce44-b553-4b22-aad2-079673a9f6e2",
    "name": "Turkmenistan",
    "capital": "Ashgabat",
    "region": "Asia",
    "population": 4751120,
    "area": 488100,
    "flag": "https://restcountries.eu/data/tkm.svg"
  },
  {
    "id": "b834ef13-0bc8-4653-a228-dce0c5ab8e15",
    "name": "Turks and Caicos Islands",
    "capital": "Cockburn Town",
    "region": "Americas",
    "population": 31458,
    "area": 948,
    "flag": "https://restcountries.eu/data/tca.svg"
  },
  {
    "id": "e5a74867-8e37-404a-af0a-29c7344ed4cc",
    "name": "Tuvalu",
    "capital": "Funafuti",
    "region": "Oceania",
    "population": 10640,
    "area": 26,
    "flag": "https://restcountries.eu/data/tuv.svg"
  },
  {
    "id": "5b8f29eb-6dc4-4650-b341-ed580a9bca0e",
    "name": "Uganda",
    "capital": "Kampala",
    "region": "Africa",
    "population": 33860700,
    "area": 241550,
    "flag": "https://restcountries.eu/data/uga.svg"
  },
  {
    "id": "5db68fdc-3f1d-454d-be4f-ff5bd72e0ef3",
    "name": "Ukraine",
    "capital": "Kiev",
    "region": "Europe",
    "population": 42692393,
    "area": 603700,
    "flag": "https://restcountries.eu/data/ukr.svg"
  },
  {
    "id": "deb177bc-2056-4d36-8b80-4a792552528d",
    "name": "United Arab Emirates",
    "capital": "Abu Dhabi",
    "region": "Asia",
    "population": 9856000,
    "area": 83600,
    "flag": "https://restcountries.eu/data/are.svg"
  },
  {
    "id": "461b46bd-e67f-40d4-a7c9-7f8987db73ea",
    "name": "United Kingdom of Great Britain and Northern Ireland",
    "capital": "London",
    "region": "Europe",
    "population": 65110000,
    "area": 242900,
    "flag": "https://restcountries.eu/data/gbr.svg"
  },
  {
    "id": "53eadc01-1941-4969-9f53-412567ea1a8b",
    "name": "United States of America",
    "capital": "Washington, D.C.",
    "region": "Americas",
    "population": 323947000,
    "area": 9629091,
    "flag": "https://restcountries.eu/data/usa.svg"
  },
  {
    "id": "1b63fdc9-7903-4a6f-8477-8676784201dc",
    "name": "Uruguay",
    "capital": "Montevideo",
    "region": "Americas",
    "population": 3480222,
    "area": 181034,
    "flag": "https://restcountries.eu/data/ury.svg"
  },
  {
    "id": "57105646-4459-4813-a278-7212cdfd0021",
    "name": "Uzbekistan",
    "capital": "Tashkent",
    "region": "Asia",
    "population": 31576400,
    "area": 447400,
    "flag": "https://restcountries.eu/data/uzb.svg"
  },
  {
    "id": "8d2dc99a-77ab-4c0b-aaa6-827b2827c485",
    "name": "Vanuatu",
    "capital": "Port Vila",
    "region": "Oceania",
    "population": 277500,
    "area": 12189,
    "flag": "https://restcountries.eu/data/vut.svg"
  },
  {
    "id": "9f6986e1-ca8c-42d4-8370-4c188a65a5c1",
    "name": "Venezuela (Bolivarian Republic of)",
    "capital": "Caracas",
    "region": "Americas",
    "population": 31028700,
    "area": 916445,
    "flag": "https://restcountries.eu/data/ven.svg"
  },
  {
    "id": "9d6496cf-60ad-490b-bd52-45058992437f",
    "name": "Viet Nam",
    "capital": "Hanoi",
    "region": "Asia",
    "population": 92700000,
    "area": 331212,
    "flag": "https://restcountries.eu/data/vnm.svg"
  },
  {
    "id": "30edb4f7-4274-4d2e-8175-d568efb11cc8",
    "name": "Wallis and Futuna",
    "capital": "Mata-Utu",
    "region": "Oceania",
    "population": 11750,
    "area": 142,
    "flag": "https://restcountries.eu/data/wlf.svg"
  },
  {
    "id": "79deac99-1551-48d1-ad46-db49100276b2",
    "name": "Western Sahara",
    "capital": "El Aaiún",
    "region": "Africa",
    "population": 510713,
    "area": 266000,
    "flag": "https://restcountries.eu/data/esh.svg"
  },
  {
    "id": "2eaff4a2-76fc-4ad8-9466-fae3518bec99",
    "name": "Yemen",
    "capital": "Sana'a",
    "region": "Asia",
    "population": 27478000,
    "area": 527968,
    "flag": "https://restcountries.eu/data/yem.svg"
  },
  {
    "id": "0d277955-eca7-40b7-96a3-19c3207dd2b0",
    "name": "Zambia",
    "capital": "Lusaka",
    "region": "Africa",
    "population": 15933883,
    "area": 752612,
    "flag": "https://restcountries.eu/data/zmb.svg"
  },
  {
    "id": "80bdb475-3c9a-4f24-ba7d-486429126f0e",
    "name": "Zimbabwe",
    "capital": "Harare",
    "region": "Africa",
    "population": 14240168,
    "area": 390757,
    "flag": "https://restcountries.eu/data/zwe.svg"
  }
]